Workbook

Sheet APC-MPC Kepri
A1: Tahun | B1: PDRB / Yd (miliar Rp) | C1: Konsumsi RT / C (miliar Rp) | D1: APC (=C/Yd) | E1: APS (=1-APC)
A2: 2021 | B2: 275622.85 | C2: 111996.07 | D2: =C2/B2 -> 0.40633812 | E2: =1-D2 -> 0.59366188
A3: 2022 | B3: 308739.72 | C3: 124875.52 | D3: =C3/B3 -> 0.40446859 | E3: =1-D3 -> 0.59553141
A4: 2023 | B4: 331644.52 | C4: 136652.58 | D4: =C4/B4 -> 0.41204534 | E4: =1-D4 -> 0.58795466
A5: 2024 | B5: 352436.43 | C5: 147944.45 | D5: =C5/B5 -> 0.41977627 | E5: =1-D5 -> 0.58022373
A6: 2025 | B6: 381729.88 | C6: 158023.76 | D6: =C6/B6 -> 0.41396749 | E6: =1-D6 -> 0.58603251

Sheet Sheet1
A1: Periode | B1: delta C (miliar Rp) | C1: delta Yd (miliar Rp) | D1: MPC (=dC/dYd) | E1: MPS (=1-MPC)
A2: 2021 -> 2022 | B2: ='APC-MPC Kepri'!C3-'APC-MPC Kepri'!C2 -> 12879.45 | C2: ='APC-MPC Kepri'!B3-'APC-MPC Kepri'!B2 -> 33116.87 | D2: =B2/C2 -> 0.38890904 | E2: =1-D2 -> 0.61109096
A3: 2022 -> 2023 | B3: ='APC-MPC Kepri'!C4-'APC-MPC Kepri'!C3 -> 11777.06 | C3: ='APC-MPC Kepri'!B4-'APC-MPC Kepri'!B3 -> 22904.8 | D3: =B3/C3 -> 0.51417432 | E3: =1-D3 -> 0.48582568
A4: 2023 -> 2024 | B4: ='APC-MPC Kepri'!C5-'APC-MPC Kepri'!C4 -> 11291.87 | C4: ='APC-MPC Kepri'!B5-'APC-MPC Kepri'!B4 -> 20791.91 | D4: =B4/C4 -> 0.5430896 | E4: =1-D4 -> 0.4569104
A5: 2024 -> 2025 | B5: ='APC-MPC Kepri'!C6-'APC-MPC Kepri'!C5 -> 10079.31 | C5: ='APC-MPC Kepri'!B6-'APC-MPC Kepri'!B5 -> 29293.45 | D5: =B5/C5 -> 0.34408067 | E5: =1-D5 -> 0.65591933
